http://farm2.static.flickr.com/1142/662906315_2b19cff7ff.jpg	diesel_locomotive
http://farm4.static.flickr.com/3139/2695731002_3189c0ab09.jpg	diesel_locomotive
http://farm3.static.flickr.com/2087/2037740796_cc2d8c7bf0.jpg	diesel_locomotive
http://farm2.static.flickr.com/1339/600791270_01d7780fa0.jpg	diesel_locomotive
http://farm2.static.flickr.com/1220/1430308907_9dc63e9683.jpg	diesel_locomotive
http://farm2.static.flickr.com/1024/763588821_cfee159375.jpg	diesel_locomotive
http://farm1.static.flickr.com/96/246040252_9fd84c3813.jpg	diesel_locomotive
http://farm3.static.flickr.com/2294/2402345240_45f37a5a5b.jpg	diesel_locomotive
http://farm4.static.flickr.com/3166/2517457259_051c1528d7.jpg	diesel_locomotive
http://farm3.static.flickr.com/2213/2400231164_a5dda6db2c.jpg	diesel_locomotive
http://farm4.static.flickr.com/3242/2427085190_9341e46132.jpg	diesel_locomotive
http://farm1.static.flickr.com/22/87971179_d3cedf1903.jpg	diesel_locomotive
http://farm3.static.flickr.com/2214/2473809727_a26391c0ef.jpg	diesel_locomotive
http://farm4.static.flickr.com/3286/2463009433_fb708fe960.jpg	diesel_locomotive
http://farm2.static.flickr.com/1353/1102684557_e9d1ce1d0a.jpg	diesel_locomotive
http://farm3.static.flickr.com/2192/1521474272_cef68dc7e1.jpg	diesel_locomotive
http://farm4.static.flickr.com/3146/2295143182_3230178004.jpg	diesel_locomotive
http://farm4.static.flickr.com/3059/2442039274_cee91a68f8.jpg	diesel_locomotive
http://farm2.static.flickr.com/1053/1121789983_ed29dd89d0.jpg	diesel_locomotive
http://farm4.static.flickr.com/3113/2641294865_aaeb8b7752.jpg	diesel_locomotive
http://farm4.static.flickr.com/3188/2508758883_79d905d696.jpg	diesel_locomotive
http://farm2.static.flickr.com/1327/1480413200_8a9e03aaf9.jpg	diesel_locomotive
http://farm2.static.flickr.com/1075/1134799981_e15a0ea47c.jpg	diesel_locomotive
http://farm4.static.flickr.com/3017/2606792974_da70efb075.jpg	diesel_locomotive
http://farm3.static.flickr.com/2269/2326837399_6a0a4ac3c5.jpg	diesel_locomotive
http://farm3.static.flickr.com/2112/2224365689_e820c21ce0.jpg	diesel_locomotive
http://farm3.static.flickr.com/2293/2280763848_379a37f8c8.jpg	diesel_locomotive
http://farm3.static.flickr.com/2063/2463197460_39aa7a6ec3.jpg	diesel_locomotive
http://farm4.static.flickr.com/3090/2718991401_ae34ef9d8b.jpg	diesel_locomotive
http://farm2.static.flickr.com/1241/581539738_3f8105f83d.jpg	diesel_locomotive
http://farm2.static.flickr.com/1019/1466173420_7abb4f7b06.jpg	diesel_locomotive
http://farm3.static.flickr.com/2204/2402597320_538b068262.jpg	diesel_locomotive
http://farm3.static.flickr.com/2386/2363170286_24921b7688.jpg	diesel_locomotive
http://farm1.static.flickr.com/193/505788236_073dc14899.jpg	diesel_locomotive
http://farm3.static.flickr.com/2143/2440875183_1ce2672f78.jpg	diesel_locomotive
http://farm4.static.flickr.com/3035/2721251332_0a53924599.jpg	diesel_locomotive
http://farm4.static.flickr.com/3009/2674354202_38b3501afa.jpg	diesel_locomotive
http://farm2.static.flickr.com/1057/1481318956_3d0e89b5c9.jpg	diesel_locomotive
http://farm3.static.flickr.com/2153/2369735973_7afa5e4b0c.jpg	diesel_locomotive
http://farm4.static.flickr.com/3037/2564052696_718a0aa314.jpg	diesel_locomotive
http://farm3.static.flickr.com/2267/2480189452_b607a2e58e.jpg	diesel_locomotive
http://farm2.static.flickr.com/1082/617105205_de2dba605d.jpg	diesel_locomotive
http://farm4.static.flickr.com/3086/2463063081_9993bf47db.jpg	diesel_locomotive
http://farm1.static.flickr.com/184/483410058_c2c801743e.jpg	diesel_locomotive
http://farm1.static.flickr.com/135/372888224_e75ece4650.jpg	diesel_locomotive
http://farm2.static.flickr.com/1260/581361987_310ab92d25.jpg	diesel_locomotive
http://farm2.static.flickr.com/1303/568556737_5d4c231e2b.jpg	diesel_locomotive
http://farm1.static.flickr.com/224/485633228_6f4621e993.jpg	diesel_locomotive
http://farm1.static.flickr.com/54/178115537_48f68cee51.jpg	diesel_locomotive
http://farm2.static.flickr.com/1189/581541368_e4625da9d8.jpg	diesel_locomotive
http://farm1.static.flickr.com/55/179307411_f45c2cff62.jpg	diesel_locomotive
http://farm3.static.flickr.com/2177/2335025454_f36c399d2e.jpg	diesel_locomotive
http://farm3.static.flickr.com/2090/2414547427_46661da9d3.jpg	diesel_locomotive
http://farm2.static.flickr.com/1264/613587297_2bf50c236b.jpg	diesel_locomotive
http://farm3.static.flickr.com/2269/2314182167_903f253110.jpg	diesel_locomotive
http://farm3.static.flickr.com/2044/2141066223_2348ff6860.jpg	diesel_locomotive
http://farm1.static.flickr.com/169/466738809_44fbf94bce.jpg	diesel_locomotive
http://farm3.static.flickr.com/2374/2181504894_1791355d77.jpg	diesel_locomotive
http://farm3.static.flickr.com/2278/2496835913_6f04af9930.jpg	diesel_locomotive
http://farm3.static.flickr.com/2135/2496836609_ff69e0e156.jpg	diesel_locomotive
http://farm3.static.flickr.com/2076/2438231788_fdda3cd4cd.jpg	diesel_locomotive
http://farm3.static.flickr.com/2389/2473816813_7d48af8c43.jpg	diesel_locomotive
http://farm4.static.flickr.com/3150/2594671338_cc74aa87dc.jpg	diesel_locomotive
http://farm2.static.flickr.com/1070/649732681_785ea98238.jpg	diesel_locomotive
http://farm3.static.flickr.com/2348/2445815809_3b1fa2b455.jpg	diesel_locomotive
http://farm2.static.flickr.com/1055/644143024_b482d817f2.jpg	diesel_locomotive
http://farm3.static.flickr.com/2338/2479581063_32cc92beb8.jpg	diesel_locomotive
http://farm2.static.flickr.com/1336/1310376821_fe3e37458d.jpg	diesel_locomotive
http://farm4.static.flickr.com/3051/2432603746_75830a09c1.jpg	diesel_locomotive
http://farm3.static.flickr.com/2107/1688422980_d2e9ae2560.jpg	diesel_locomotive
http://farm3.static.flickr.com/2214/2517455123_7448a26949.jpg	diesel_locomotive
http://farm3.static.flickr.com/2227/1702110179_832221b826.jpg	diesel_locomotive
http://farm4.static.flickr.com/3021/2279972193_df8228a90d.jpg	diesel_locomotive
http://farm3.static.flickr.com/2209/2528852257_4daaa1d795.jpg	diesel_locomotive
http://farm2.static.flickr.com/1255/891837969_5c71b7968e.jpg	diesel_locomotive
http://farm3.static.flickr.com/2183/1683528248_c1c7699c2d.jpg	diesel_locomotive
http://farm2.static.flickr.com/1051/1317326724_92b47ee1ec.jpg	diesel_locomotive
http://farm4.static.flickr.com/3039/2554508965_8b22f60505.jpg	diesel_locomotive
http://farm3.static.flickr.com/2351/2320087194_53f5e4552c.jpg	diesel_locomotive
http://farm1.static.flickr.com/23/41358561_ba3a50fefb.jpg	diesel_locomotive
http://farm4.static.flickr.com/3045/2605714786_f9f7788db7.jpg	diesel_locomotive
http://farm3.static.flickr.com/2399/2486583147_265f8b0357.jpg	diesel_locomotive
http://farm3.static.flickr.com/2028/2496899357_83b3c5a2f3.jpg	diesel_locomotive
http://farm3.static.flickr.com/2294/2462802378_1518b86002.jpg	diesel_locomotive
http://farm3.static.flickr.com/2060/2372110026_903dfc5e84.jpg	diesel_locomotive
http://farm3.static.flickr.com/2152/2494486705_3e5067a836.jpg	diesel_locomotive
http://farm3.static.flickr.com/2067/2484118051_f1aff81761.jpg	diesel_locomotive
http://farm2.static.flickr.com/1314/556901698_e806aa639e.jpg	electric_locomotive
http://farm4.static.flickr.com/3136/2904232555_68ce4422f0.jpg	electric_locomotive
http://farm4.static.flickr.com/3031/2652583340_9ec87d61a7.jpg	electric_locomotive
http://farm3.static.flickr.com/2379/2070379077_16ffca17d0.jpg	electric_locomotive
http://farm2.static.flickr.com/1421/1131133107_0b9d047651.jpg	electric_locomotive
http://farm3.static.flickr.com/2012/2481752913_7a24511cc9.jpg	electric_locomotive
http://farm4.static.flickr.com/3113/2718635301_a47810f1fd.jpg	electric_locomotive
http://farm3.static.flickr.com/2220/2496854088_b83f77b806.jpg	electric_locomotive
http://farm3.static.flickr.com/2111/2070386141_a0d40766f1.jpg	electric_locomotive
http://farm4.static.flickr.com/3165/2731912310_988f7e42da.jpg	electric_locomotive
http://farm4.static.flickr.com/3055/2651947579_7baa44bdb1.jpg	electric_locomotive
http://farm1.static.flickr.com/54/178115537_48f68cee51.jpg	electric_locomotive
http://farm4.static.flickr.com/3033/2645237193_07808a6ce8.jpg	electric_locomotive
http://farm3.static.flickr.com/2174/2496852536_c2cc790a43.jpg	electric_locomotive
http://farm3.static.flickr.com/2254/1952312374_48a5ab2320.jpg	electric_locomotive
http://farm3.static.flickr.com/2095/2651767951_8a5809bef0.jpg	electric_locomotive
http://farm4.static.flickr.com/3110/2718629835_b49fb8b50f.jpg	electric_locomotive
http://farm2.static.flickr.com/1143/947956534_7b7d24b5e6.jpg	electric_locomotive
http://farm1.static.flickr.com/17/19397733_1021e86cf7.jpg	electric_locomotive
http://farm4.static.flickr.com/3006/2583133096_ab3d46cc07.jpg	electric_locomotive
http://farm3.static.flickr.com/2181/2050537400_bfe02ba999.jpg	electric_locomotive
http://farm4.static.flickr.com/3101/2479276954_e4559886a9.jpg	electric_locomotive
http://farm4.static.flickr.com/3240/2670338443_5e49edd49f.jpg	electric_locomotive
http://farm3.static.flickr.com/2057/2362702223_fa5728df7e.jpg	electric_locomotive
http://farm4.static.flickr.com/3473/3236103637_fd534d8372.jpg	electric_locomotive
http://farm1.static.flickr.com/174/383866214_5dfbc50d64.jpg	electric_locomotive
http://farm3.static.flickr.com/2099/2151703361_2fab62df4c.jpg	electric_locomotive
http://farm3.static.flickr.com/2267/2431289198_07d0e7942a.jpg	electric_locomotive
http://farm3.static.flickr.com/2340/2491019440_0d80d2fccf.jpg	electric_locomotive
http://farm1.static.flickr.com/112/275470263_a5d9fd3264.jpg	electric_locomotive
http://farm3.static.flickr.com/2099/2145214633_d7473d635e.jpg	electric_locomotive
http://farm4.static.flickr.com/3138/2670302223_58061e100f.jpg	electric_locomotive
http://farm4.static.flickr.com/3211/2676037731_396f4093b8.jpg	electric_locomotive
http://farm1.static.flickr.com/167/369937723_b9beda4cf7.jpg	electric_locomotive
http://farm1.static.flickr.com/173/409750285_694e3c37d9.jpg	electric_locomotive
http://farm2.static.flickr.com/1242/1273146899_86cdc4acd7.jpg	electric_locomotive
http://farm2.static.flickr.com/1301/1274013780_9268b2749f.jpg	electric_locomotive
http://farm2.static.flickr.com/1070/1299457523_3a25f05b41.jpg	electric_locomotive
http://farm3.static.flickr.com/2402/1584903417_632129dcc7.jpg	electric_locomotive
http://farm4.static.flickr.com/3014/2295295199_fb4025cf76.jpg	electric_locomotive
http://farm3.static.flickr.com/2404/2251857247_b075703ce0.jpg	electric_locomotive
http://farm4.static.flickr.com/3264/2647780772_25b0b2ac6c.jpg	electric_locomotive
http://farm3.static.flickr.com/2234/2242039025_419a1caf1a.jpg	electric_locomotive
http://farm4.static.flickr.com/3234/3135089189_c1f270ea59.jpg	electric_locomotive
http://farm3.static.flickr.com/2294/1998985958_a77bbcb3e7.jpg	electric_locomotive
http://farm1.static.flickr.com/177/416336422_c2d813b3fb.jpg	electric_locomotive
http://farm4.static.flickr.com/3118/2571315771_4c53181231.jpg	electric_locomotive
http://farm3.static.flickr.com/2238/2441336047_aa0ac9348e.jpg	electric_locomotive
http://farm4.static.flickr.com/3200/2655871554_543e50a479.jpg	electric_locomotive
http://farm4.static.flickr.com/3218/2683969414_dc37031141.jpg	electric_locomotive
http://farm3.static.flickr.com/2280/2265367407_2b2db0d9fd.jpg	electric_locomotive
http://farm3.static.flickr.com/2061/2314888647_f3032b0874.jpg	electric_locomotive
http://farm3.static.flickr.com/2024/2364779470_950cd969d9.jpg	electric_locomotive
http://farm3.static.flickr.com/2046/2073485064_cf23e30ece.jpg	electric_locomotive
http://farm1.static.flickr.com/128/369926991_c536bc1662.jpg	electric_locomotive
http://farm4.static.flickr.com/3157/2674386948_205bcb0da0.jpg	electric_locomotive
http://farm3.static.flickr.com/2254/2070382843_fbb874743b.jpg	electric_locomotive
http://farm1.static.flickr.com/70/198255267_40abab103c.jpg	electric_locomotive
http://farm4.static.flickr.com/3005/2527827370_1029419dae.jpg	electric_locomotive
http://farm3.static.flickr.com/2034/2070383889_4d743fbeb5.jpg	electric_locomotive
http://farm3.static.flickr.com/2025/2175105808_4de3a928c3.jpg	electric_locomotive
http://farm1.static.flickr.com/210/495131250_891f357ac9.jpg	electric_locomotive
http://farm1.static.flickr.com/133/368360695_6a2e7d19b3.jpg	electric_locomotive
http://farm3.static.flickr.com/2293/2071440025_5fa87af532.jpg	electric_locomotive
http://farm3.static.flickr.com/2013/2629591917_9e7e3fc06f.jpg	electric_locomotive
http://farm3.static.flickr.com/2181/2478467701_52fc302dd8.jpg	electric_locomotive
http://farm2.static.flickr.com/1323/867778308_bcb82d5628.jpg	electric_locomotive
http://farm4.static.flickr.com/3134/2431345822_27d9c5a0e1.jpg	electric_locomotive
http://farm2.static.flickr.com/1264/732270301_43ea50148a.jpg	electric_locomotive
http://farm1.static.flickr.com/188/426088869_9117cd9c2c.jpg	electric_locomotive
http://farm3.static.flickr.com/2156/2444778361_43e2c41528.jpg	electric_locomotive
http://farm2.static.flickr.com/1434/1402524154_a28b75dfc8.jpg	electric_locomotive
http://farm3.static.flickr.com/2397/1822238161_b09ae109a3.jpg	electric_locomotive
http://farm4.static.flickr.com/3022/2630089281_52b268e035.jpg	electric_locomotive
http://farm4.static.flickr.com/3167/2715742933_be6abd2e39.jpg	electric_locomotive
http://farm4.static.flickr.com/3310/3264063742_3956447203.jpg	electric_locomotive
http://farm3.static.flickr.com/2010/2315700556_9494f61b2c.jpg	electric_locomotive
http://farm3.static.flickr.com/2333/2328985787_30bd2305f3.jpg	electric_locomotive
http://farm3.static.flickr.com/2068/1800132474_2d2134d4f3.jpg	electric_locomotive
http://farm2.static.flickr.com/1297/559291252_abc804bed3.jpg	electric_locomotive
http://farm1.static.flickr.com/58/195514658_323cf41e3d.jpg	electric_locomotive
http://farm2.static.flickr.com/1139/854352730_df2f26cb26.jpg	electric_locomotive
http://farm2.static.flickr.com/1359/1412024860_644ca54b11.jpg	electric_locomotive
http://farm3.static.flickr.com/2125/2050449688_549e030def.jpg	electric_locomotive
http://farm2.static.flickr.com/1343/1415487796_c91194ee31.jpg	electric_locomotive
http://farm4.static.flickr.com/3071/2561670637_2c393a6620.jpg	electric_locomotive
http://farm4.static.flickr.com/3179/2646067464_c927281142.jpg	electric_locomotive
http://farm3.static.flickr.com/2258/1703749519_454948b884.jpg	electric_locomotive
http://farm3.static.flickr.com/2277/2466457109_65e35515a1.jpg	electric_locomotive
http://farm3.static.flickr.com/2085/2148721111_c0b417c2e4.jpg	electric_locomotive
http://farm3.static.flickr.com/2165/2315118829_e172f1587f.jpg	electric_locomotive
http://farm4.static.flickr.com/3046/2695597944_6cd3e99de7.jpg	electric_locomotive
http://farm4.static.flickr.com/3243/2661221093_991dee226c.jpg	electric_locomotive
http://farm1.static.flickr.com/71/221883792_9c088dd7ef.jpg	electric_locomotive
http://farm3.static.flickr.com/2145/2050455240_5dc42fdf4b.jpg	electric_locomotive
http://farm1.static.flickr.com/39/101282560_88cf6450de.jpg	steam_locomotive
http://farm1.static.flickr.com/119/275625944_3fbe5b7555.jpg	steam_locomotive
http://farm1.static.flickr.com/127/374136569_bde414feba.jpg	steam_locomotive
http://farm4.static.flickr.com/3085/2376249699_e81e03e235.jpg	steam_locomotive
http://farm4.static.flickr.com/3098/2669179680_ac73f096ac.jpg	steam_locomotive
http://farm2.static.flickr.com/1283/1034161018_7e43804329.jpg	steam_locomotive
http://farm3.static.flickr.com/2404/2269041349_6ba26cba88.jpg	steam_locomotive
http://farm4.static.flickr.com/3142/2715490776_899a747423.jpg	steam_locomotive
http://farm4.static.flickr.com/3029/2707921998_78ed8ea9cf.jpg	steam_locomotive
http://farm4.static.flickr.com/3202/2463888394_d1ba99898a.jpg	steam_locomotive
http://farm3.static.flickr.com/2383/2408171137_209e8d73a6.jpg	steam_locomotive
http://farm1.static.flickr.com/35/66864937_473cadfb2d.jpg	steam_locomotive
http://farm1.static.flickr.com/29/44465728_f328acbaac.jpg	steam_locomotive
http://farm4.static.flickr.com/3139/2585204769_527e3052a7.jpg	steam_locomotive
http://farm3.static.flickr.com/2419/2497009290_0621f8a5da.jpg	steam_locomotive
http://farm1.static.flickr.com/56/191839437_7c5c5a5f0a.jpg	steam_locomotive
http://farm4.static.flickr.com/3036/2376243009_7cf39e0b59.jpg	steam_locomotive
http://farm4.static.flickr.com/3100/2413637816_2b062599e2.jpg	steam_locomotive
http://farm3.static.flickr.com/2116/2255240360_3dec297609.jpg	steam_locomotive
http://farm4.static.flickr.com/3031/2586644114_f0fea34b47.jpg	steam_locomotive
http://farm4.static.flickr.com/3027/2611125934_15258bfce5.jpg	steam_locomotive
http://farm4.static.flickr.com/3074/2376247849_23735bce65.jpg	steam_locomotive
http://farm2.static.flickr.com/1050/1142102798_58956f8ee4.jpg	steam_locomotive
http://farm2.static.flickr.com/1231/732377903_4dad900ff2.jpg	steam_locomotive
http://farm4.static.flickr.com/3256/2376255991_5a4daaa0fb.jpg	steam_locomotive
http://farm1.static.flickr.com/43/120196438_c624f28fc7.jpg	steam_locomotive
http://farm1.static.flickr.com/170/479751608_fbd24a1ba6.jpg	steam_locomotive
http://farm3.static.flickr.com/2401/2177188082_54f90eb7f4.jpg	steam_locomotive
http://farm1.static.flickr.com/38/122986024_3ba90e7b04.jpg	steam_locomotive
http://farm2.static.flickr.com/1069/740091800_c1da6376a6.jpg	steam_locomotive
http://farm1.static.flickr.com/182/480131772_99bb147251.jpg	steam_locomotive
http://farm2.static.flickr.com/1173/1241191389_0a4f2059c7.jpg	steam_locomotive
http://farm1.static.flickr.com/141/318678275_4a4852e50c.jpg	steam_locomotive
http://farm3.static.flickr.com/2231/2068261382_bf0ee4862e.jpg	steam_locomotive
http://farm1.static.flickr.com/179/472383725_3f975a00e9.jpg	steam_locomotive
http://farm2.static.flickr.com/1399/1298618255_85eaf91270.jpg	steam_locomotive
http://farm2.static.flickr.com/1369/1321176207_620a897bc1.jpg	steam_locomotive
http://farm1.static.flickr.com/217/479743722_618a58eb1f.jpg	steam_locomotive
http://farm4.static.flickr.com/3142/2634309520_a04ba24029.jpg	steam_locomotive
http://farm3.static.flickr.com/2291/2395855649_afc1e3b9e3.jpg	steam_locomotive
http://farm4.static.flickr.com/3152/2639003203_1f8329f0a4.jpg	steam_locomotive
http://farm2.static.flickr.com/1376/1347310628_3a3b51ab22.jpg	steam_locomotive
http://farm1.static.flickr.com/22/28139855_baf59738de.jpg	steam_locomotive
http://farm3.static.flickr.com/2227/2073896632_db60f50384.jpg	steam_locomotive
http://farm2.static.flickr.com/1158/1347889902_8408b95ad1.jpg	steam_locomotive
http://farm1.static.flickr.com/88/247614331_93d119919e.jpg	steam_locomotive
http://farm1.static.flickr.com/72/177809177_103c3020e1.jpg	steam_locomotive
http://farm1.static.flickr.com/80/231593332_bc9d2df815.jpg	steam_locomotive
http://farm3.static.flickr.com/2236/2327113560_4e2be52f3b.jpg	steam_locomotive
http://farm1.static.flickr.com/81/216655543_6c9f0ff630.jpg	steam_locomotive
http://farm1.static.flickr.com/99/298860275_35a846a8c1.jpg	steam_locomotive
http://farm2.static.flickr.com/1407/1390850648_3410a3c992.jpg	steam_locomotive
http://farm1.static.flickr.com/91/215794695_ee9d995765.jpg	steam_locomotive
http://farm3.static.flickr.com/2243/2377056056_464699efd1.jpg	steam_locomotive
http://farm2.static.flickr.com/1392/1429290694_b34dcbed15_o.jpg	steam_locomotive
http://farm1.static.flickr.com/181/382013363_8d7f184600.jpg	steam_locomotive
http://farm1.static.flickr.com/1/188595592_102c82748c.jpg	steam_locomotive
http://farm3.static.flickr.com/2199/2153324991_5a8321a2a0.jpg	steam_locomotive
http://farm2.static.flickr.com/1004/678972873_b392c18020.jpg	steam_locomotive
http://farm3.static.flickr.com/2367/2496181949_2175495c95.jpg	steam_locomotive
http://farm3.static.flickr.com/2281/2354215409_22f7a8e9d0.jpg	steam_locomotive
http://farm1.static.flickr.com/49/145450640_c337f29735.jpg	steam_locomotive
http://farm2.static.flickr.com/1334/1457716059_3e29c7d628.jpg	steam_locomotive
http://farm4.static.flickr.com/3186/2377092840_203fc720f2.jpg	steam_locomotive
http://farm1.static.flickr.com/184/482680008_a5d236f3ee.jpg	steam_locomotive
http://farm1.static.flickr.com/1/906171_8de199f22b.jpg	steam_locomotive
http://farm3.static.flickr.com/2027/2058303693_c9d0d2c0f0.jpg	steam_locomotive
http://farm4.static.flickr.com/3043/2321788778_6d5eef8904.jpg	steam_locomotive
http://farm3.static.flickr.com/2339/2078925369_4d4864d1e0.jpg	steam_locomotive
http://farm4.static.flickr.com/3265/2504164105_7f5ea50560.jpg	steam_locomotive
http://farm1.static.flickr.com/23/165110103_9e0ecc8995.jpg	steam_locomotive
http://farm3.static.flickr.com/2134/2376256195_fd335b7db2.jpg	steam_locomotive
http://farm4.static.flickr.com/3057/2358686199_c645e4e5a1.jpg	steam_locomotive
http://farm4.static.flickr.com/3136/2475856356_fb5ba58062.jpg	steam_locomotive
http://farm3.static.flickr.com/2353/2517165798_bc13a3b40b.jpg	steam_locomotive
http://farm1.static.flickr.com/96/252786679_95099c7576.jpg	steam_locomotive
http://farm1.static.flickr.com/51/164896021_75a3217f85.jpg	steam_locomotive
http://farm4.static.flickr.com/3004/2441997895_1849177db2.jpg	steam_locomotive
http://farm1.static.flickr.com/24/48633367_45ce1c93d3.jpg	steam_locomotive
http://farm1.static.flickr.com/67/422782079_1747deb725.jpg	steam_locomotive
http://farm1.static.flickr.com/101/306446609_c4c7b204e9.jpg	steam_locomotive
http://farm3.static.flickr.com/2137/1517907366_4fa078800f.jpg	steam_locomotive
http://farm3.static.flickr.com/2026/2255275606_5a6787a839.jpg	steam_locomotive
http://farm3.static.flickr.com/2142/2075783746_0ae364a52e.jpg	steam_locomotive
http://farm3.static.flickr.com/2009/2376245567_1d81583624.jpg	steam_locomotive
http://farm4.static.flickr.com/3136/2657060219_5c7e6e3456.jpg	steam_locomotive
http://farm3.static.flickr.com/2019/1538412550_58e1a4a016.jpg	steam_locomotive
http://farm4.static.flickr.com/3261/2722719015_e6083b3269.jpg	steam_locomotive
http://farm2.static.flickr.com/1042/951470501_cfba09490f.jpg	steam_locomotive
http://farm1.static.flickr.com/224/479751616_1402e5dee7.jpg	steam_locomotive
http://farm3.static.flickr.com/2038/1588653609_9c96bf06a7.jpg	steam_locomotive
http://farm3.static.flickr.com/2137/1760051460_8b30062a88.jpg	steam_locomotive
http://farm1.static.flickr.com/53/160144385_828e112816.jpg	steam_locomotive
http://farm1.static.flickr.com/22/28139939_4f7afa9c5d.jpg	steam_locomotive
http://farm1.static.flickr.com/27/35585062_0a14cd57ac.jpg	steam_locomotive
http://farm4.static.flickr.com/3266/2376251461_20dd9d6eb1.jpg	steam_locomotive
http://farm4.static.flickr.com/3262/2646009616_e20b45cd77.jpg	steam_locomotive
